pdf_page	caption (from rough OCR)
6	(a) Begin TLI burn              ...............        35 | (b) Middle of TLI burn            .............   .    36 | (c) End of TLI burn . .        .......     ......      37 | (a)   g.e.t. = 10 ho
7	(J)      g.e.t. = 12 hours ".''                  52 | (k)      g.e.t. = 13 hours                       52 | (I)      g.e.t. = Ik hours                       52 | (m)      g.e.t. =15 hours .           
8	(a)   g.e.t. = 10 hours                                  ^ | (b)   g.e.t. = 20 hours                                   ^ | (c)   g.e.t. = 30 hours                                81* | (d)   g.e.t. = k
9	(a) Begin of LOI-burn (g.e.t.: = 75 = 55:02.8) . . . . . . . . 95 | (b) Middle of LOI burn (g.e.t. = 75:58:02.8)                 96 | (c) End of LOI burn (g.e.t. = 76:01:08.2) . . . . . . .           
10	(a)    Begin ascent burn                  ................ | (b)    1 minute 0 seconds into ascent burn      .......      lU8 | (c)    1 minute 20 seconds into ascent burn      .......     1^9 | (d)  
11	(a) g.e.t. = lUb hours                             . . . .       197 | (b) g.e.t. = 150 hours . . . .,.,.                               198 | (c) g.e.t. = l60 hours                               ; . .
12	(r) tg.e.t . = 153 hours                                     217 | (aa) g.e.t . = 162 hours                                     219 | (bb) g.e.t. = 163 hours                                      219 |
13	(a) 15 minutes prior to entry (g.eet. = | (c) 11 minutes prior to entry (g.e.t. .= , | (d) 9 minutes prior to entry (g.e.t <= | (e) 7 minutes prior to entry (g.e.t. = | (g) 3 minutes prior to. entry (
15	(b) g.e.t. = .77:25:00. . . . . . . . . . . . ., ... . •. . 265 | (c) g.e.t. = 77,: 1*5:00, . . . v,.. . .... . ,._ . . . . . 265 | (a) g.e.t. = 79:15:00                                      266 | (b)
16	(a) g.e.t. = 83:10:00                                   .      267 | (b) g.e.t. = 83:30:00                                          267 | (c) g.e.t. = 83:50:00                                        .
43	Figure 4.0-1.- Illustration of lunar orbit plane in year 1969 - inclination
44	Figure 4.0-2.- Sun-centered inertial geometry of Apollo 11 (Mission GL
45	Figure 4.0-3.- Location of the sun and moon at major phases of Apollo (Mission G).
53	(a) Begin TLI burn (g.e.t. = 2:44:11). | Figure 5.1-1.- Translunar injection burn.
54	Figure 5.1-1. Continued.-
55	(c) End TLI burn (g.e.t. = 2:50:02). | Figure 5.1-1.- Concluded.
61	Figure 5.2.1-1.- Translunaivcoast-constant field of view (earth).
62	Figure 5.2.1-1.- Continued.
64	Figure 5.2;1-1.-Continued.
65	Figure 5.2..1-1.- Continued..
66	Figure 5.2.1-1.- Continued.
67	(g) g.e.t. = 70 hours. | Figure 5.2.1-1.- Concluded.
68	Figure 5.2.1-2.- Translunar coast-variable field of view (earth).
70	Figure 5.2.1-2.- Continued.
71	(o) g.e.t. = 17 hours.                                                    (p)g.e;t. = 18 hours. | Figure 5.2.1-2.- Continued.
72	Figure 5.2.1-2.-Continued.
73	Figure 5.2.1-2.-Continued.
74	Figure 5.2.1-2.- Continued.
75	Figure 5.2.1-2,- Continued.
76	(ii) g.e.t. = 37 hours.                                                       ()i) g.e.t. = 38 hours. | Figure 5.2.1-2.- Continued.
77	Figure 5.2.1-2.-Continued.
78	(qq) g.e.t. = 45 hours.                                                     Or) g.e.t. = 46 hours. | Figure 5.2.1-2.- Continued.
79	Figure 5.2.1-2.- Continued.
80	(ww) g.e.t. = 51 hours.                                                       (xx) g.e.t. = 52 hours. | Figure 5.2.1-2.- Continued.
81	Figure 5.2.1-2.-Continued.
82	Figure 5.2.1-2.- Continued.
83	(Mi) g.e.t. = 63 hours.                                                    (jjj) g.e.t. = 64 hours. | (kkk) g.e.t. = 65 hours.                                                    (III) g.e.t. = 66 hour
84	(nnn) g.e.t. = 68 hours. | (ooo) g.e.t. = 69 hours.                                                      (ppp) g.e.t. = 70 hours. | Figure 5.2.1-2.- Continued.
85	Figure 5.2.1-2.- Concluded.
89	(a) g.e.t. = 10 hours. | Figure 5.2.2-1.- Translunar coast - constant field of view (moon).
90	(b) g.e.t. = 20 hours. | Figure 5.2.2-1.- Continued.
91	Figure 5.2.2-1.- Continued.
92	Figure 5.2.2-1.- Continued.
93	(e) g.e.t. = 50 hours. | Figure 5.2.27!.- Continued.
94	(f) g.e.t. = 60 hours. | Figure 5.2.2-1.- Continued.
95	(g) g.e.t.,= 65 hours. | Figure 5.2.2-1 .r Continued.
96	Figure 5.2.2-1.- Continued.
97	Figure 5.2.2-1.- Continued.
98	Figure 5.2.2-1.- Continued.
99	(k) g.e.t. = 73 hours. | Figure 5.2.2-1.- Continued.
100	Figure 5.2.2-1.- Continued.
101	(m) g.e.t. = 75 hours.
102	(a) g.e.t. = 10 hours-                                                                        (b) g.e.t. = 20 hours. | (c) g.e.t. = 30 hours.                                                           
113	(a) Begin of LOI burn (g.e.t. = 75:55:02.8). | Figure 6.1-1. - Lunar orbit insertion burn.
114	(b) Middle of LOI burn (g.e.t. = 75:58:02.8). | Figure 6.1-1.-Continued.
115	(c) End of LOI burn (g.e.t. = 76:01:08.2). | Figure 6.1-1.- Concluded.
121	Figure 6.2.0-1.- Concluded.
127	Figure 6.2.1-1.- LM window and body axes geometry.
128	Figure 6.2.1-2.- DOI burn (g.e.t. = 101:38:48).
160	Figure 6.3.0-1.- Concluded.
187	Figure 6.3.2-1.- CSI burn (g.e.t. = 125:21:20).
191	Figure 6.3.3-1.- CDH burn (g.e.t. = 126:19:40).
195	Figure 6.3.4-1.- TPI burn (g.e.t. = 126:58:26).
203	(a) Begin TEI burn (g.e.t.'= 135:24:34). | Figure 7.1-1.- Transearth injection burn.
204	(b) Middle of TEI bum (g.e.t. = 135:25:43.7). | Figure 7.1-1.-Continued.
205	(c) End TEI burn (g.e.t. = 135:27:03). | Figure 7.1-1.- Concluded.
215	Figure 7.3.1-1.- Transearth coast - constant field of view (moon).
216	(b) g.e.t. = 150 hours. | Figure 7.3.1-1.- Continued.
217	Figure 7.3.1-1.- Continued.
219	(e) g.e.t. = 180 hours. | Figure 7.3.1-1.- Continued.
220	Figure 7.3.1-1.- Concluded.
221	(a) g.e'.t. = 140 hours.                                                                            (b) g.e.t. = 150 hours. | (c) g.e.t. = 160 hours.                                                   
222	(e) g.e.t. = 180 hours. | Figure 7.3.1-2.- Concluded.
225	Figure 7.3.2-1.- Transearth coast - constant field of view (earth).
226	Figure 7.3.2-1.- Continued.
228	Figure 7.3.2-1.- Continued.
230	Figure 7.3.2-1.- Concluded.
231	(a) g.e.t. = 136 hours.                                                                         (b) g.e.t. = 137 hours. | Figure 7.3.2-2.- Transearth coast - variable field of view (earth).
232	(e) g.e.t. = 140 hours.                                                       (f) g.e.t, = 141 hours. | (g) g.e.t. = 142 hours.                                                       (h) g.e.t. = 143 h
233	Figure 7.3.2-2.- Continued.
234	(p) g.e.t. = 151 hours. | Figure 7.3.2-2.- Continued.
235	Figure 7.3.2-2.- Continued.
236	(u) g.e.t. = 156 hours.                                                     (v)g.e.t. = 157 hours. | (w) g.e.t. = 158 hours.                                                     (x) g.e.t. = 159 hours.
237	(y) g.e.t. = 160 hours.                                                            (z) g.e.t. = 161 hours. | (aa) g.e.t. = 162 hours.                                                       (bb) g.e.t. 
238	(ee) g.e.t. = 166 hours.                                                     (ft) g.e.t. = 167 hours. | Figure 7.3.2-2.- Continued.
239	Figure 7.3.2-2.- Continued.
240	(mm) g.e.t. = 174 hours.                                                        (nn)g.e.t. = 175 hours. | Figure 7.3.2-2.- Continued.
241	(qq) g.e.t. = 178 hours. .                                                            <rr)g.e.t/= 179-hours!' | Figure 7.3.2-2.- Continued.
242	Figure 7.3.2-2.- Continued.
243	(ww) g.e.t. = 184 hours.                                                    (xx) g.e.t. =.185 hours. | Figure 7.3.2-2..- Continued.
244	(aaa) g.e.t. = 188 hours.                                                   (bbb)g.e.t. = 189 hours. | (ddd) g.e.t. = 191 hours. | (ccc) g.e.t. = 190 hours. | Figure 7.3.2-2.- Continued.
245	Figure 7.3.2-2.- Concluded.
249	(a) 15 minutes prior to entry (g.e.t. = 194:46:12). | Figure 8.0-1.- Entry phase.
250	(b) 13 minutes prior to entry (g.e.t. = 194:48:12). | Figure 8.0-1.- Continued.
251	(c) 11 minutes prior to entry (g.e.t. = 194:50:12). | Figure 8.0-1.- Continued.
252	Figure 8.0-1.- Continued.
253	(e) 7 minutes.prior to entry.(g.e.t. --194:54:12). | Figure 8.p,-l,-.- Continued.
254	(f) 5 minutes prior to entry (g.e.t. = 194:56:12). | Figure 8.0-1.-"Continued.
255	(g) 3 minutes prior to entry (g.e.t. = 194:58:12). | Figure 8.0-1.- Continued.
256	(h) 1 minute prior to entry (g.e.t. = 195:00:12). | Figure 8.0-1.- Continued.
257	(i) Entry interface (g.e.t. = 195:01:12). | Figure 8.0-1.- Concluded.
263	Figure 9.0-3.- PTC mode.
267	Figure 9.1-1.- Scanning telescope - earth parking orbit - rev 1.
283	Figure 9.3-1.- Scanning telescope - rev 1.
284	Figure 9.3-2.- Scanning telescope - rev 2.
285	Figure 9.3-3.- Spanning telescope - rev,4...
286	Figure 9.3-4.- Scanning telescope - rev 10.
287	Figure 9.3-5.- Scanning telescope - rev 12.
288	(a) g.e.t. = 101:00:00. | (b) g.e.t. = 101:20:00.                                                                           (c)g.e.t. = 101:35:00. | Figure 9.3-6.- Scanning telescope - rev 13.
290	Figure 9.3-8.- Scanning telescope - rev 30.
291	Figure 9.3-9.- Scanning telescope - rev 30.
303	Figure 10.0-1.- Attitude constraint geometry of AOT viewing positions.
